first_name,last_name,email,image_url,bio,location,radius,password
Andrea,Rogers,cynthiawilson@example.org,https://randomuser.me/api/portraits/men/2.jpg,Drop four out yet specific soon.,02171,10000,$2b$12$Q1PUFjhN/AWRQ21LbGYvjeLpZZB6lfZ1BPwifHALGO6oIbyC3CmJe
Daniel,Ellis,nblake@example.net,https://randomuser.me/api/portraits/men/36.jpg,Help quality toward never.,20019,10000,$2b$12$Q1PUFjhN/AWRQ21LbGYvjeLpZZB6lfZ1BPwifHALGO6oIbyC3CmJe
Sandra,Mclaughlin,dwright@example.net,https://randomuser.me/api/portraits/men/79.jpg,Available event role president son expert.,85301,10000,$2b$12$Q1PUFjhN/AWRQ21LbGYvjeLpZZB6lfZ1BPwifHALGO6oIbyC3CmJe
Darren,Robertson,cramsey@example.org,https://randomuser.me/api/portraits/women/37.jpg,Surface mouth along which.,20012,10000,$2b$12$Q1PUFjhN/AWRQ21LbGYvjeLpZZB6lfZ1BPwifHALGO6oIbyC3CmJe
Joseph,Carpenter,nicholslogan@example.org,https://randomuser.me/api/portraits/men/89.jpg,Everybody computer knowledge let we lose picture.,20002,10000,$2b$12$Q1PUFjhN/AWRQ21LbGYvjeLpZZB6lfZ1BPwifHALGO6oIbyC3CmJe
Jessica,Stout,murphyjohn@example.com,https://randomuser.me/api/portraits/women/0.jpg,Guess less themselves development task agency camera.,05446,10000,$2b$12$Q1PUFjhN/AWRQ21LbGYvjeLpZZB6lfZ1BPwifHALGO6oIbyC3CmJe
Daniel,Rios,atkinsamanda@example.org,https://randomuser.me/api/portraits/men/15.jpg,Manage drop personal by blue however.,05765,10000,$2b$12$Q1PUFjhN/AWRQ21LbGYvjeLpZZB6lfZ1BPwifHALGO6oIbyC3CmJe
Bradley,Hughes,jphillips@example.com,https://randomuser.me/api/portraits/women/20.jpg,Mr station community win.,73109,10000,$2b$12$Q1PUFjhN/AWRQ21LbGYvjeLpZZB6lfZ1BPwifHALGO6oIbyC3CmJe
Eric,Pittman,megananderson@example.org,https://randomuser.me/api/portraits/women/21.jpg,Name walk agreement thought court your summer.,85303,10000,$2b$12$Q1PUFjhN/AWRQ21LbGYvjeLpZZB6lfZ1BPwifHALGO6oIbyC3CmJe
David,Rosales,laurastevens@example.com,https://randomuser.me/api/portraits/women/65.jpg,Near sing structure tree hard child these.,99502,10000,$2b$12$Q1PUFjhN/AWRQ21LbGYvjeLpZZB6lfZ1BPwifHALGO6oIbyC3CmJe
Michael,Higgins,kelleydavid@example.net,https://randomuser.me/api/portraits/men/38.jpg,Personal middle view.,80003,10000,$2b$12$Q1PUFjhN/AWRQ21LbGYvjeLpZZB6lfZ1BPwifHALGO6oIbyC3CmJe
Rebecca,Greer,stephen97@example.com,https://randomuser.me/api/portraits/lego/0.jpg,Boy fast cut.,73072,10000,$2b$12$Q1PUFjhN/AWRQ21LbGYvjeLpZZB6lfZ1BPwifHALGO6oIbyC3CmJe
Whitney,Medina,mthornton@example.net,https://randomuser.me/api/portraits/women/66.jpg,Force break economy avoid.,94544,10000,$2b$12$Q1PUFjhN/AWRQ21LbGYvjeLpZZB6lfZ1BPwifHALGO6oIbyC3CmJe
Steven,Williams,timothy56@example.net,https://randomuser.me/api/portraits/women/71.jpg,Else through my save your.,06042,10000,$2b$12$Q1PUFjhN/AWRQ21LbGYvjeLpZZB6lfZ1BPwifHALGO6oIbyC3CmJe
Paige,Myers,james32@example.com,https://randomuser.me/api/portraits/lego/2.jpg,Us seem machine quality involve wear.,37218,10000,$2b$12$Q1PUFjhN/AWRQ21LbGYvjeLpZZB6lfZ1BPwifHALGO6oIbyC3CmJe
Brian,Johnson,steinryan@example.org,https://randomuser.me/api/portraits/women/90.jpg,Item remain doctor song.,80003,10000,$2b$12$Q1PUFjhN/AWRQ21LbGYvjeLpZZB6lfZ1BPwifHALGO6oIbyC3CmJe
Andrea,Price,harrisjennifer@example.org,https://randomuser.me/api/portraits/men/38.jpg,Cultural now Democrat both much behind leader.,36116,10000,$2b$12$Q1PUFjhN/AWRQ21LbGYvjeLpZZB6lfZ1BPwifHALGO6oIbyC3CmJe
Michael,Hill,gsmith@example.net,https://randomuser.me/api/portraits/women/66.jpg,Whose determine as store require.,80003,10000,$2b$12$Q1PUFjhN/AWRQ21LbGYvjeLpZZB6lfZ1BPwifHALGO6oIbyC3CmJe
Carrie,Ayala,abigail59@example.com,https://randomuser.me/api/portraits/women/90.jpg,Direction speech eight growth buy eye simple.,73132,10000,$2b$12$Q1PUFjhN/AWRQ21LbGYvjeLpZZB6lfZ1BPwifHALGO6oIbyC3CmJe
Molly,Cunningham,stacywilliams@example.org,https://randomuser.me/api/portraits/men/6.jpg,Smile effect peace.,06040,10000,$2b$12$Q1PUFjhN/AWRQ21LbGYvjeLpZZB6lfZ1BPwifHALGO6oIbyC3CmJe
